범주,영화명,연도,국적,매출액,관객수,스크린수,장르
전체,택시운전사,2017,한국,95853645649,12186327,1906,드라마
국산,택시운전사,2017,한국,95853645649,12186327,1906,드라마
전체,신과함께-죄와 벌,2017,한국,68350496432,8539495,1912,드라마
국산,신과함께-죄와 벌,2017,한국,68350496432,8539495,1912,드라마
전체,공조,2017,한국,63783051326,7817618,1392,액션
국산,공조,2017,한국,63783051326,7817618,1392,액션
전체,스파이더맨: 홈 커밍,2017,해외,59125813820,7258678,1965,액션
전체,범죄도시,2017,한국,56318014149,6879841,1315,범죄
국산,범죄도시,2017,한국,56318014149,6879841,1315,범죄
전체,범죄도시,2017,한국,56318014149,6879841,1315,액션
국산,범죄도시,2017,한국,56318014149,6879841,1315,액션
전체,군함도,2017,한국,50510565168,6592151,2027,액션
국산,군함도,2017,한국,50510565168,6592151,2027,액션
전체,군함도,2017,한국,50510565168,6592151,2027,드라마
국산,군함도,2017,한국,50510565168,6592151,2027,드라마
전체,더 킹,2017,한국,43488814535,5317693,1310,범죄
국산,더 킹,2017,한국,43488814535,5317693,1310,범죄
전체,더 킹,2017,한국,43488814535,5317693,1310,드라마
전체,미녀와 야수,2017,해외,42133751579,5138328,1627,멜로/로맨스
전체,킹스맨: 골든 서클,2017,해외,40987484736,4945484,1687,코미디
전체,꾼,2017,한국,31312029795,4018035,1314,범죄
국산,꾼,2017,한국,31312029795,4018035,1314,범죄
전체,남한산성,2017,한국,31225083792,3849087,1229,사극
국산,남한산성,2017,한국,31225083792,3849087,1229,사극
전체,분노의 질주: 더 익스트림,2017,해외,29981156348,3653238,1469,범죄
전체,분노의 질주: 더 익스트림,2017,해외,29981156348,3653238,1469,스릴러
전체,너의 이름은.,2017,해외,29251793156,3637608,947,멜로/로맨스
전체,너의 이름은.,2017,해외,29251793156,3637608,947,애니메이션
전체,슈퍼배드 3,2017,해외,24217091019,3324874,1057,애니메이션
전체,아이 캔 스피크,2017,한국,25526451186,3279296,1140,코미디
국산,아이 캔 스피크,2017,한국,25526451186,3279296,1140,코미디
전체,캐리비안의 해적: 죽은 자는 말이 없다,2017,해외,24975495122,3049894,1357,코미디
전체,덩케르크,2017,해외,24550541348,2788732,1252,스릴러
전체,살인자의 기억법,2017,한국,21375287492,2658589,1064,스릴러
국산,살인자의 기억법,2017,한국,21375287492,2658589,1064,스릴러
전체,보안관,2017,한국,20844488409,2588628,1091,코미디
국산,보안관,2017,한국,20844488409,2588628,1091,코미디
전체,보스 베이비,2017,해외,18936306704,2452245,1116,애니메이션
전체,모아나,2017,해외,18056417307,2310206,953,애니메이션
전체,겟 아웃,2017,해외,17431830075,2138174,945,스릴러
전체,겟 아웃,2017,해외,17431830075,2138174,945,공포(호러)
전체,겟 아웃,2017,해외,17431830075,2138174,945,미스터리
전체,애나벨 : 인형의 주인,2017,해외,15527492238,1934270,1006,공포(호러)
국산,임금님의 사건수첩,2017,한국,12651193723,1635003,1054,코미디
국산,기억의 밤,2017,한국,10646654660,1386611,759,스릴러
전체,기억의 밤,2017,한국,10646654660,1386611,759,미스터리
국산,기억의 밤,2017,한국,10646654660,1386611,759,미스터리
전체,해피 데스데이,2017,해외,11004455402,1382650,714,공포(호러)
전체,해피 데스데이,2017,해외,11004455402,1382650,714,미스터리
전체,신과함께-인과 연,2018,한국,102666146909,12274996,2235,드라마
국산,신과함께-인과 연,2018,한국,102666146909,12274996,2235,드라마
전체,어벤져스: 인피니티 워,2018,해외,99926399769,11212710,2553,액션
전체,보헤미안 랩소디,2018,해외,80010440345,9224582,1179,드라마
전체,미션 임파서블: 폴아웃,2018,해외,55888375112,6584915,1957,스릴러
전체,미션 임파서블: 폴아웃,2018,해외,55888375112,6584915,1957,액션
전체,신과함께-죄와 벌,2018,한국,47355583705,5872007,1644,드라마
국산,신과함께-죄와 벌,2018,한국,47355583705,5872007,1644,드라마
전체,쥬라기 월드: 폴른 킹덤,2018,해외,49770711037,5661128,1972,액션
전체,앤트맨과 와스프,2018,해외,47468053685,5448134,1775,액션
전체,안시성,2018,한국,46335334026,5440186,1540,사극
국산,안시성,2018,한국,46335334026,5440186,1540,사극
국산,안시성,2018,한국,46335334026,5440186,1540,액션
전체,블랙 팬서,2018,해외,45885123957,5399227,1620,드라마
전체,완벽한 타인,2018,한국,44350807074,5293435,1325,코미디
국산,완벽한 타인,2018,한국,44350807074,5293435,1325,코미디
국산,완벽한 타인,2018,한국,44350807074,5293435,1325,드라마
전체,독전,2018,한국,43485551113,5063684,1532,범죄
국산,독전,2018,한국,43485551113,5063684,1532,범죄
국산,독전,2018,한국,43485551113,5063684,1532,액션
전체,베놈,2018,해외,34100211207,3888096,1308,스릴러
전체,암수살인,2018,한국,32995138548,3789321,1177,범죄
국산,암수살인,2018,한국,32995138548,3789321,1177,범죄
전체,데드풀 2,2018,해외,34185664639,3784602,1576,코미디
전체,코코,2018,해외,27685479440,3510017,1177,애니메이션
전체,그것만이 내 세상,2018,한국,27450805382,3419339,956,코미디
국산,그것만이 내 세상,2018,한국,27450805382,3419339,956,코미디
국산,마녀,2018,한국,27242029463,3189091,1117,액션
전체,마녀,2018,한국,27242029463,3189091,1117,미스터리
국산,마녀,2018,한국,27242029463,3189091,1117,미스터리
전체,탐정: 리턴즈,2018,한국,26909459678,3152872,1137,코미디
국산,탐정: 리턴즈,2018,한국,26909459678,3152872,1137,코미디
전체,탐정: 리턴즈,2018,한국,26909459678,3152872,1137,범죄
국산,탐정: 리턴즈,2018,한국,26909459678,3152872,1137,범죄
전체,인크레더블 2,2018,해외,24554683588,3033052,1605,애니메이션
전체,너의 결혼식,2018,한국,23676244369,2820969,970,멜로/로맨스
국산,너의 결혼식,2018,한국,23676244369,2820969,970,멜로/로맨스
전체,곤지암,2018,한국,21442194144,2675575,1124,스릴러
국산,곤지암,2018,한국,21442194144,2675575,1124,스릴러
전체,곤지암,2018,한국,21442194144,2675575,1124,공포(호러)
국산,곤지암,2018,한국,21442194144,2675575,1124,공포(호러)
전체,지금 만나러 갑니다,2018,한국,20800916128,2602273,1191,멜로/로맨스
국산,지금 만나러 갑니다,2018,한국,20800916128,2602273,1191,멜로/로맨스
전체,목격자,2018,한국,21737061097,2524720,1021,스릴러
국산,목격자,2018,한국,21737061097,2524720,1021,스릴러
전체,조선명탐정: 흡혈괴마의 비밀,2018,한국,19822789764,2444136,1249,사극
국산,조선명탐정: 흡혈괴마의 비밀,2018,한국,19822789764,2444136,1249,사극
전체,명당,2018,한국,17900775524,2087474,1117,사극
국산,명당,2018,한국,17900775524,2087474,1117,사극
전체,협상,2018,한국,17032133166,1967721,919,범죄
전체,창궐,2018,한국,13275772490,1599290,1351,사극
국산,도어락,2018,한국,12792097886,1559616,954,스릴러
전체,극한직업,2019,한국,139651845516,16265618,2003,코미디
국산,극한직업,2019,한국,139651845516,16265618,2003,코미디
전체,어벤져스: 엔드게임,2019,해외,122181161160,13934399,2835,액션
전체,겨울왕국 2,2019,해외,111596248720,13369064,2648,애니메이션
전체,기생충,2019,한국,85883963645,10085275,1948,드라마
국산,기생충,2019,한국,85883963645,10085275,1948,드라마
전체,엑시트,2019,한국,79232012162,9426011,1660,코미디
국산,엑시트,2019,한국,79232012162,9426011,1660,코미디
전체,엑시트,2019,한국,79232012162,9426011,1660,액션
국산,엑시트,2019,한국,79232012162,9426011,1660,액션
전체,스파이더맨: 파 프롬 홈,2019,해외,69010000100,8021145,2142,코미디
전체,스파이더맨: 파 프롬 홈,2019,해외,69010000100,8021145,2142,액션
전체,백두산,2019,한국,52905789770,6290502,1971,드라마
국산,백두산,2019,한국,52905789770,6290502,1971,드라마
전체,캡틴 마블,2019,해외,51507488723,5802810,2100,액션
전체,조커,2019,해외,45381075450,5247874,1418,스릴러
전체,조커,2019,해외,45381075450,5247874,1418,드라마
전체,봉오동 전투,2019,한국,40588648538,4787538,1476,사극
국산,봉오동 전투,2019,한국,40588648538,4787538,1476,사극
국산,봉오동 전투,2019,한국,40588648538,4787538,1476,액션
전체,봉오동 전투,2019,한국,40588648538,4787538,1476,드라마
국산,봉오동 전투,2019,한국,40588648538,4787538,1476,드라마
전체,나쁜 녀석들: 더 무비,2019,한국,39560195124,4573902,1511,범죄
국산,나쁜 녀석들: 더 무비,2019,한국,39560195124,4573902,1511,범죄
국산,나쁜 녀석들: 더 무비,2019,한국,39560195124,4573902,1511,액션
전체,토이 스토리 4,2019,해외,28758452040,3400034,1336,코미디
전체,토이 스토리 4,2019,해외,28758452040,3400034,1336,애니메이션
전체,돈,2019,한국,28870234062,3389123,1431,범죄
국산,돈,2019,한국,28870234062,3389123,1431,범죄
전체,악인전,2019,한국,29133760150,3364712,1307,범죄
국산,악인전,2019,한국,29133760150,3364712,1307,범죄
국산,가장 보통의 연애,2019,한국,24885803430,2924563,1073,코미디
전체,가장 보통의 연애,2019,한국,24885803430,2924563,1073,멜로/로맨스
국산,가장 보통의 연애,2019,한국,24885803430,2924563,1073,멜로/로맨스
전체,블랙머니,2019,한국,20863134010,2478964,1141,범죄
전체,사바하,2019,한국,20007508194,2398519,1174,스릴러
국산,사바하,2019,한국,20007508194,2398519,1174,스릴러
전체,사바하,2019,한국,20007508194,2398519,1174,미스터리
국산,사바하,2019,한국,20007508194,2398519,1174,미스터리
전체,알리타: 배틀 엔젤,2019,해외,18571455667,1952063,1043,스릴러
전체,알리타: 배틀 엔젤,2019,해외,18571455667,1952063,1043,멜로/로맨스
전체,변신,2019,한국,15417922925,1804112,975,스릴러
국산,변신,2019,한국,15417922925,1804112,975,스릴러
전체,변신,2019,한국,15417922925,1804112,975,공포(호러)
국산,변신,2019,한국,15417922925,1804112,975,공포(호러)
전체,주먹왕 랄프 2: 인터넷 속으로,2019,해외,13877029723,1754375,1453,애니메이션
전체,사자,2019,한국,12931566145,1611163,1405,공포(호러)
국산,사자,2019,한국,12931566145,1611163,1405,공포(호러)
전체,사자,2019,한국,12931566145,1611163,1405,미스터리
국산,사자,2019,한국,12931566145,1611163,1405,미스터리
전체,드래곤 길들이기 3,2019,해외,12346432876,1507922,971,애니메이션
전체,어스,2019,해외,12586771104,1475087,1132,공포(호러)
전체,유열의 음악앨범,2019,한국,10233455040,1245532,1078,멜로/로맨스
국산,유열의 음악앨범,2019,한국,10233455040,1245532,1078,멜로/로맨스
전체,천문: 하늘에 묻는다,2019,한국,7808242950,965624,1198,사극
국산,천문: 하늘에 묻는다,2019,한국,7808242950,965624,1198,사극
전체,서울의 봄,2023,한국,115350491410,11854779,2463,드라마
국산,서울의 봄,2023,한국,115350491410,11854779,2463,드라마
전체,범죄도시3,2023,한국,104687737771,10682813,2582,범죄
국산,범죄도시3,2023,한국,104687737771,10682813,2582,범죄
전체,범죄도시3,2023,한국,104687737771,10682813,2582,액션
국산,범죄도시3,2023,한국,104687737771,10682813,2582,액션
전체,엘리멘탈,2023,해외,71120500040,7238453,1664,애니메이션
전체,밀수,2023,한국,49685009003,5143219,1932,액션
국산,밀수,2023,한국,49685009003,5143219,1932,액션
전체,더 퍼스트 슬램덩크,2023,해외,50057140100,4786406,1060,애니메이션
전체,가디언즈 오브 갤럭시: Volume 3,2023,해외,44357156661,4209118,1819,액션
전체,미션 임파서블: 데드 레코닝 PART ONE,2023,해외,40428788113,4022072,2437,스릴러
전체,미션 임파서블: 데드 레코닝 PART ONE,2023,해외,40428788113,4022072,2437,액션
전체,콘크리트 유토피아,2023,한국,37412802232,3849242,1731,드라마
국산,콘크리트 유토피아,2023,한국,37412802232,3849242,1731,드라마
전체,아바타: 물의 길,2023,해외,47350889697,3491920,2047,스릴러
전체,노량: 죽음의 바다,2023,한국,34032608940,3438133,2196,사극
국산,노량: 죽음의 바다,2023,한국,34032608940,3438133,2196,사극
국산,노량: 죽음의 바다,2023,한국,34032608940,3438133,2196,액션
전체,오펜하이머,2023,해외,34375467901,3232774,1636,스릴러
전체,오펜하이머,2023,해외,34375467901,3232774,1636,드라마
전체,슈퍼 마리오 브라더스,2023,해외,23558835482,2395519,1576,코미디
전체,슈퍼 마리오 브라더스,2023,해외,23558835482,2395519,1576,애니메이션
전체,30일,2023,한국,21256881514,2165358,1226,코미디
국산,30일,2023,한국,21256881514,2165358,1226,코미디
전체,영웅,2023,한국,17768606427,1787536,1099,드라마
국산,영웅,2023,한국,17768606427,1787536,1099,드라마
전체,잠,2023,한국,13894258933,1470359,1231,미스터리
국산,잠,2023,한국,13894258933,1470359,1231,미스터리
전체,달짝지근해: 7510,2023,한국,13445519901,1388309,1032,코미디
국산,달짝지근해: 7510,2023,한국,13445519901,1388309,1032,코미디
전체,드림,2023,한국,10821044597,1128375,1285,코미디
국산,드림,2023,한국,10821044597,1128375,1285,코미디
전체,스파이더맨: 어크로스 더 유니버스,2023,해외,9492413667,920169,1103,애니메이션
전체,대외비,2023,한국,7469378721,756355,1157,범죄
국산,대외비,2023,한국,7469378721,756355,1157,범죄
전체,프레디의 피자가게,2023,해외,6959703516,712241,1041,스릴러
전체,프레디의 피자가게,2023,해외,6959703516,712241,1041,공포(호러)
전체,인어공주,2023,해외,6668613190,647706,1364,멜로/로맨스
전체,소년들,2023,한국,4470423586,471425,1042,범죄
국산,소년들,2023,한국,4470423586,471425,1042,범죄
국산,타겟,2023,한국,4003424694,424916,986,스릴러
전체,서치 2,2023,해외,4084323024,414598,868,미스터리
전체,인시디어스: 빨간 문,2023,해외,4096944506,401656,758,공포(호러)
전체,싱글 인 서울,2023,한국,3738633028,399575,917,멜로/로맨스
국산,싱글 인 서울,2023,한국,3738633028,399575,917,멜로/로맨스
전체,파묘,2024,한국,115157490414,11914784,2367,공포(호러)
국산,파묘,2024,한국,115157490414,11914784,2367,공포(호러)
전체,파묘,2024,한국,115157490414,11914784,2367,미스터리
국산,파묘,2024,한국,115157490414,11914784,2367,미스터리
전체,범죄도시4,2024,한국,110050000734,11502779,2980,범죄
국산,범죄도시4,2024,한국,110050000734,11502779,2980,범죄
전체,범죄도시4,2024,한국,110050000734,11502779,2980,액션
국산,범죄도시4,2024,한국,110050000734,11502779,2980,액션
전체,인사이드 아웃 2,2024,해외,84509284036,8799013,2619,애니메이션
전체,베테랑2,2024,한국,72474035814,7525339,2691,범죄
국산,베테랑2,2024,한국,72474035814,7525339,2691,범죄
전체,베테랑2,2024,한국,72474035814,7525339,2691,액션
국산,베테랑2,2024,한국,72474035814,7525339,2691,액션
전체,파일럿,2024,한국,43204079201,4718036,1956,코미디
국산,파일럿,2024,한국,43204079201,4718036,1956,코미디
전체,웡카,2024,해외,33958821189,3531717,1753,드라마
전체,모아나 2,2024,해외,31118051070,3372815,1985,애니메이션
전체,소방관,2024,한국,31161375290,3317296,1594,드라마
국산,소방관,2024,한국,31161375290,3317296,1594,드라마
전체,하얼빈,2024,한국,26249028320,2755236,2125,드라마
국산,하얼빈,2024,한국,26249028320,2755236,2125,드라마
전체,탈주,2024,한국,24239796596,2561872,1234,액션
국산,탈주,2024,한국,24239796596,2561872,1234,액션
전체,듄: 파트2,2024,해외,23677872449,2019129,1544,액션
전체,에이리언: 로물루스,2024,해외,20443955430,2002033,1436,공포(호러)
전체,데드풀과 울버린,2024,해외,20489875630,1977010,1948,코미디
전체,핸섬가이즈,2024,한국,16596666601,1777008,1065,코미디
국산,핸섬가이즈,2024,한국,16596666601,1777008,1065,코미디
전체,하이재킹,2024,한국,16844279086,1774150,1155,범죄
국산,하이재킹,2024,한국,16844279086,1774150,1155,범죄
전체,쿵푸팬더4,2024,해외,16535535152,1771738,2311,코미디
전체,쿵푸팬더4,2024,해외,16535535152,1771738,2311,애니메이션
전체,베놈: 라스트 댄스,2024,해외,17253839788,1763723,1663,스릴러
전체,시민덕희,2024,한국,16174180097,1715064,1281,드라마
국산,시민덕희,2024,한국,16174180097,1715064,1281,드라마
전체,슈퍼배드 4,2024,해외,14202093607,1562001,1178,애니메이션
국산,사랑의 하츄핑,2024,한국,11107794292,1239178,1159,애니메이션
전체,그녀가 죽었다,2024,한국,11808970596,1237103,1008,스릴러
국산,그녀가 죽었다,2024,한국,11808970596,1237103,1008,스릴러
전체,그녀가 죽었다,2024,한국,11808970596,1237103,1008,미스터리
국산,그녀가 죽었다,2024,한국,11808970596,1237103,1008,미스터리
전체,노량: 죽음의 바다,2024,한국,10977702435,1135516,1706,사극
국산,노량: 죽음의 바다,2024,한국,10977702435,1135516,1706,사극
전체,히든페이스,2024,한국,9591875140,1012014,1072,스릴러
국산,히든페이스,2024,한국,9591875140,1012014,1072,스릴러
전체,댓글부대,2024,한국,9240359711,972991,1228,범죄
전체,글래디에이터 Ⅱ,2024,해외,8874847640,909861,1769,사극
전체,청설,2024,한국,7484993310,802133,1060,멜로/로맨스
국산,청설,2024,한국,7484993310,802133,1060,멜로/로맨스
전체,탈출: 프로젝트 사일런스,2024,한국,6713334362,689603,1078,스릴러
국산,탈출: 프로젝트 사일런스,2024,한국,6713334362,689603,1078,스릴러
국산,아마존 활명수,2024,한국,5390831280,606612,1479,코미디
전체,극장판 귀멸의 칼날: 무한성편,2025,해외,61184705910,5677638,2298,애니메이션
전체,좀비딸,2025,한국,53126759990,5639110,1598,코미디
국산,좀비딸,2025,한국,53126759990,5639110,1598,코미디
전체,좀비딸,2025,한국,53126759990,5639110,1598,드라마
국산,좀비딸,2025,한국,53126759990,5639110,1598,드라마
전체,F1 더 무비,2025,해외,54927822370,5213684,1665,드라마
전체,F1 더 무비,2025,해외,54927822370,5213684,1665,액션
전체,주토피아 2,2025,해외,47926200780,4972058,2383,애니메이션
전체,극장판 체인소 맨: 레제편,2025,해외,35843531550,3409898,1064,액션
전체,극장판 체인소 맨: 레제편,2025,해외,35843531550,3409898,1064,애니메이션
전체,미션 임파서블: 파이널 레코닝,2025,해외,33259841900,3392542,2385,액션
전체,야당,2025,한국,32002848430,3378166,1850,범죄
국산,야당,2025,한국,32002848430,3378166,1850,범죄
전체,야당,2025,한국,32002848430,3378166,1850,액션
국산,야당,2025,한국,32002848430,3378166,1850,액션
전체,미키 17,2025,해외,29709170100,3013854,2153,코미디
전체,미키 17,2025,해외,29709170100,3013854,2153,드라마
전체,어쩔수가없다,2025,한국,28763831030,2942262,2114,스릴러
국산,어쩔수가없다,2025,한국,28763831030,2942262,2114,스릴러
전체,어쩔수가없다,2025,한국,28763831030,2942262,2114,코미디
국산,어쩔수가없다,2025,한국,28763831030,2942262,2114,코미디
전체,히트맨2,2025,한국,23984663200,2547598,1588,코미디
국산,히트맨2,2025,한국,23984663200,2547598,1588,코미디
국산,히트맨2,2025,한국,23984663200,2547598,1588,액션
국산,보스,2025,한국,23391326050,2437337,1296,액션
전체,쥬라기 월드: 새로운 시작,2025,해외,21213626760,2225182,1645,스릴러
전체,쥬라기 월드: 새로운 시작,2025,해외,21213626760,2225182,1645,공포(호러)
전체,하얼빈,2025,한국,20727899060,2159434,1425,드라마
국산,하얼빈,2025,한국,20727899060,2159434,1425,드라마
국산,승부,2025,한국,20044040660,2146575,1773,드라마
전체,노이즈,2025,한국,16758897410,1707629,1001,스릴러
국산,노이즈,2025,한국,16758897410,1707629,1001,스릴러
전체,노이즈,2025,한국,16758897410,1707629,1001,공포(호러)
국산,노이즈,2025,한국,16758897410,1707629,1001,공포(호러)
전체,검은 수녀들,2025,한국,16134349980,1670559,1662,미스터리
국산,검은 수녀들,2025,한국,16134349980,1670559,1662,미스터리
전체,나우 유 씨 미 3,2025,해외,12813765320,1353670,1352,범죄
전체,킹 오브 킹스,2025,한국,12422581626,1317385,1191,애니메이션
국산,킹 오브 킹스,2025,한국,12422581626,1317385,1191,애니메이션
전체,얼굴,2025,한국,11012286870,1076511,1114,미스터리
국산,얼굴,2025,한국,11012286870,1076511,1114,미스터리
전체,말할 수 없는 비밀,2025,한국,7859549300,824156,986,멜로/로맨스
국산,말할 수 없는 비밀,2025,한국,7859549300,824156,986,멜로/로맨스
전체,신명,2025,한국,7496376280,788239,785,미스터리
국산,신명,2025,한국,7496376280,788239,785,미스터리
전체,파과,2025,한국,5265831000,550911,886,미스터리
전체,원 배틀 애프터 어나더,2025,해외,5656215010,532874,657,범죄
전체,컨저링: 마지막 의식,2025,해외,4436601090,420992,917,공포(호러)
국산,뽀로로 극장판 바닷속 대모험,2025,한국,3372930820,397114,791,애니메이션
전체,살인자 리포트,2025,한국,3656329360,366298,841,스릴러
국산,살인자 리포트,2025,한국,3656329360,366298,841,스릴러
전체,28년 후,2025,해외,3250361960,362321,939,공포(호러)
전체,보고타: 마지막 기회의 땅,2025,한국,2994218870,321425,979,범죄
국산,보고타: 마지막 기회의 땅,2025,한국,2994218870,321425,979,범죄
