범주,연도,순위,영화명,매출액,관객수,스크린수
전체,2017,1,택시운전사,95853645649,12186327,184075
전체,2017,2,신과함께-죄와 벌,68350496432,8539495,91301
전체,2017,3,공조,63783051326,7817618,142989
전체,2017,4,스파이더맨: 홈 커밍,59125813820,7258678,164448
전체,2017,5,범죄도시,56318014149,6879841,149334
전체,2017,6,군함도,50510565168,6592151,108775
전체,2017,7,청년경찰,44381150516,5653270,118544
전체,2017,8,더 킹,43488814535,5317693,107983
전체,2017,9,미녀와 야수,42133751579,5138328,140561
전체,2017,10,킹스맨: 골든 서클,40987484736,4945484,95922
전체,2017,11,토르: 라그나로크,39227691395,4853778,137423
전체,2017,12,꾼,31312029795,4018035,117398
전체,2017,13,강철비,31994897566,4014293,66760
전체,2017,14,남한산성,31225083792,3849087,71101
전체,2017,15,미이라,30504689978,3689325,105228
전체,2017,16,분노의 질주: 더 익스트림,29981156348,3653238,113241
전체,2017,17,너의 이름은.,29251793156,3637608,82978
전체,2017,18,슈퍼배드 3,24217091019,3324874,59388
전체,2017,19,아이 캔 스피크,25526451186,3279296,93012
전체,2017,20,캐리비안의 해적: 죽은 자는 말이 없다,24975495122,3049894,85225
전체,2017,21,프리즌,23790276987,2931897,89024
전체,2017,22,덩케르크,24550541348,2788732,65906
전체,2017,23,가디언즈 오브 갤럭시 VOL. 2,23452686686,2735721,63789
전체,2017,24,살인자의 기억법,21375287492,2658589,88686
전체,2017,25,트랜스포머: 최후의 기사,21501959228,2614601,87234
국산,2017,1,택시운전사,95853645649,12186327,184075
국산,2017,2,신과함께-죄와 벌,68350496432,8539495,91301
국산,2017,3,공조,63783051326,7817618,142989
국산,2017,4,범죄도시,56318014149,6879841,149334
국산,2017,5,군함도,50510565168,6592151,108775
국산,2017,6,청년경찰,44381150516,5653270,118544
국산,2017,7,더 킹,43488814535,5317693,107983
국산,2017,8,꾼,31312029795,4018035,117398
국산,2017,9,강철비,31994897566,4014293,66760
국산,2017,10,남한산성,31225083792,3849087,71101
국산,2017,11,아이 캔 스피크,25526451186,3279296,93012
국산,2017,12,프리즌,23790276987,2931897,89024
국산,2017,13,살인자의 기억법,21375287492,2658589,88686
국산,2017,14,보안관,20844488409,2588628,63709
국산,2017,15,조작된 도시,20143992587,2515501,62241
국산,2017,16,재심,19266319637,2421197,68402
국산,2017,17,박열,18093639795,2359206,78499
국산,2017,18,마스터,18283595800,2215266,56141
국산,2017,19,1987,15254004037,1942077,27619
국산,2017,20,노무현입니다,14556517612,1855149,61327
국산,2017,21,임금님의 사건수첩,12651193723,1635003,53005
국산,2017,22,부라더,11783109998,1492903,54975
국산,2017,23,기억의 밤,10646654660,1386611,52847
국산,2017,24,브이아이피,10956621835,1373316,44650
국산,2017,25,특별시민,10494768945,1362634,46377
전체,2018,1,신과함께-인과 연,102666146909,12274996,179981
전체,2018,2,어벤져스: 인피니티 워,99926399769,11212710,240501
전체,2018,3,보헤미안 랩소디,80010440345,9224582,204537
전체,2018,4,미션 임파서블: 폴아웃,55888375112,6584915,101374
전체,2018,5,신과함께-죄와 벌,47355583705,5872007,121961
전체,2018,6,쥬라기 월드: 폴른 킹덤,49770711037,5661128,144779
전체,2018,7,앤트맨과 와스프,47468053685,5448134,148244
전체,2018,8,안시성,46335334026,5440186,110439
전체,2018,9,블랙 팬서,45885123957,5399227,119170
전체,2018,10,완벽한 타인,44350807074,5293435,143055
전체,2018,11,1987,42915772108,5290310,110607
전체,2018,12,독전,43485551113,5063684,140007
전체,2018,13,공작,42788851176,4974520,99001
전체,2018,14,베놈,34100211207,3888096,116149
전체,2018,15,암수살인,32995138548,3789321,126127
전체,2018,16,데드풀 2,34185664639,3784602,113288
전체,2018,17,국가부도의 날,30845862137,3747952,100804
전체,2018,18,코코,27685479440,3510017,85925
전체,2018,19,아쿠아맨,30454292381,3491857,54505
전체,2018,20,그것만이 내 세상,27450805382,3419339,95431
전체,2018,21,마녀,27242029463,3189091,90843
전체,2018,22,탐정: 리턴즈,26909459678,3152872,107907
전체,2018,23,인크레더블 2,24554683588,3033052,70934
전체,2018,24,서치,25283364845,2949944,95758
전체,2018,25,너의 결혼식,23676244369,2820969,98193
국산,2018,1,신과함께-인과 연,102666146909,12274996,179981
국산,2018,2,신과함께-죄와 벌,47355583705,5872007,121961
국산,2018,3,안시성,46335334026,5440186,110439
국산,2018,4,완벽한 타인,44350807074,5293435,143055
국산,2018,5,1987,42915772108,5290310,110607
국산,2018,6,독전,43485551113,5063684,140007
국산,2018,7,공작,42788851176,4974520,99001
국산,2018,8,암수살인,32995138548,3789321,126127
국산,2018,9,국가부도의 날,30845862137,3747952,100804
국산,2018,10,그것만이 내 세상,27450805382,3419339,95431
국산,2018,11,마녀,27242029463,3189091,90843
국산,2018,12,탐정: 리턴즈,26909459678,3152872,107907
국산,2018,13,너의 결혼식,23676244369,2820969,98193
국산,2018,14,곤지암,21442194144,2675575,88477
국산,2018,15,지금 만나러 갑니다,20800916128,2602273,97482
국산,2018,16,목격자,21737061097,2524720,71403
국산,2018,17,조선명탐정: 흡혈괴마의 비밀,19822789764,2444136,74953
국산,2018,18,명당,17900775524,2087474,58450
국산,2018,19,협상,17032133166,1967721,57926
국산,2018,20,마약왕,15784724552,1813594,41658
국산,2018,21,창궐,13275772490,1599290,60687
국산,2018,22,성난황소,13236490737,1593386,48932
국산,2018,23,도어락,12792097886,1559616,53732
국산,2018,24,리틀 포레스트,11929202185,1506269,68414
국산,2018,25,골든슬럼버,11412768798,1387508,42991
전체,2019,1,극한직업,139651845516,16265618,292584
전체,2019,2,어벤져스: 엔드게임,122181161160,13934399,241979
전체,2019,3,겨울왕국 2,111596248720,13369064,282557
전체,2019,4,알라딘,106955138359,12552283,266469
전체,2019,5,기생충,85883963645,10085275,192855
전체,2019,6,엑시트,79232012162,9426011,202223
전체,2019,7,스파이더맨: 파 프롬 홈,69010000100,8021145,180474
전체,2019,8,백두산,52905789770,6290502,99915
전체,2019,9,캡틴 마블,51507488723,5802810,186382
전체,2019,10,조커,45381075450,5247874,147380
전체,2019,11,봉오동 전투,40588648538,4787538,107030
전체,2019,12,라이온 킹,41519457430,4743264,126496
전체,2019,13,나쁜 녀석들: 더 무비,39560195124,4573902,113938
전체,2019,14,82년생 김지영,30298542310,3678156,145441
전체,2019,15,분노의 질주: 홉스&쇼,32241767793,3657536,94896
전체,2019,16,토이 스토리 4,28758452040,3400034,85875
전체,2019,17,돈,28870234062,3389123,120808
전체,2019,18,악인전,29133760150,3364712,97351
전체,2019,19,가장 보통의 연애,24885803430,2924563,111527
전체,2019,20,말모이,23685091520,2812877,87591
전체,2019,21,증인,20482789331,2534748,89564
전체,2019,22,시동,21236477800,2525986,58603
전체,2019,23,블랙머니,20863134010,2478964,77469
전체,2019,24,터미네이터: 다크 페이트,20153895830,2409062,81336
전체,2019,25,사바하,20007508194,2398519,78096
국산,2019,1,극한직업,139651845516,16265618,292584
국산,2019,2,기생충,85883963645,10085275,192855
국산,2019,3,엑시트,79232012162,9426011,202223
국산,2019,4,백두산,52905789770,6290502,99915
국산,2019,5,봉오동 전투,40588648538,4787538,107030
국산,2019,6,나쁜 녀석들: 더 무비,39560195124,4573902,113938
국산,2019,7,82년생 김지영,30298542310,3678156,145441
국산,2019,8,돈,28870234062,3389123,120808
국산,2019,9,악인전,29133760150,3364712,97351
국산,2019,10,가장 보통의 연애,24885803430,2924563,111527
국산,2019,11,말모이,23685091520,2812877,87591
국산,2019,12,증인,20482789331,2534748,89564
국산,2019,13,시동,21236477800,2525986,58603
국산,2019,14,블랙머니,20863134010,2478964,77469
국산,2019,15,사바하,20007508194,2398519,78096
국산,2019,16,타짜: 원 아이드 잭,19687029214,2229239,66479
국산,2019,17,신의 한 수: 귀수편,18463776050,2157437,82178
국산,2019,18,내안의 그놈,16302228567,1902828,61683
국산,2019,19,뺑반,15224305848,1826912,47215
국산,2019,20,변신,15417922925,1804112,63211
국산,2019,21,걸캅스,13812802134,1629528,63163
국산,2019,22,사자,12931566145,1611163,47683
국산,2019,23,나의 특별한 형제,12081618074,1478156,49927
국산,2019,24,유열의 음악앨범,10233455040,1245532,59626
국산,2019,25,퍼펙트맨,10311352770,1240022,50055
전체,2023,1,서울의 봄,115350491410,11854779,292299
전체,2023,2,범죄도시3,104687737771,10682813,311915
전체,2023,3,엘리멘탈,71120500040,7238453,247169
전체,2023,4,밀수,49685009003,5143219,167669
전체,2023,5,더 퍼스트 슬램덩크,50057140100,4786406,231062
전체,2023,6,가디언즈 오브 갤럭시: Volume 3,44357156661,4209118,153711
전체,2023,7,미션 임파서블: 데드 레코닝 PART ONE,40428788113,4022072,137933
전체,2023,8,콘크리트 유토피아,37412802232,3849242,150918
전체,2023,9,아바타: 물의 길,47350889697,3491920,130410
전체,2023,10,노량: 죽음의 바다,34032608940,3438133,81643
전체,2023,11,오펜하이머,34375467901,3232774,131798
전체,2023,12,슈퍼 마리오 브라더스,23558835482,2395519,94685
전체,2023,13,30일,21256881514,2165358,130509
전체,2023,14,존 윅 4,19956652129,1924768,89561
전체,2023,15,천박사 퇴마 연구소: 설경의 비밀,18635492555,1916429,98823
전체,2023,16,영웅,17768606427,1787536,88177
전체,2023,17,분노의 질주: 라이드 오어 다이,18474198210,1773424,93148
전체,2023,18,교섭,17460908740,1721100,92618
전체,2023,19,앤트맨과 와스프: 퀀텀매니아,16346738806,1551129,104768
전체,2023,20,잠,13894258933,1470359,103697
전체,2023,21,달짝지근해: 7510,13445519901,1388309,86601
전체,2023,22,드림,10821044597,1128375,61736
전체,2023,23,비공식작전,10192841216,1058745,45082
전체,2023,24,1947 보스톤,9464132798,1026878,63548
전체,2023,25,스파이더맨: 어크로스 더 유니버스,9492413667,920169,47139
국산,2023,1,서울의 봄,115350491410,11854779,292299
국산,2023,2,범죄도시3,104687737771,10682813,311915
국산,2023,3,밀수,49685009003,5143219,167669
국산,2023,4,콘크리트 유토피아,37412802232,3849242,150918
국산,2023,5,노량: 죽음의 바다,34032608940,3438133,81643
국산,2023,6,30일,21256881514,2165358,130509
국산,2023,7,천박사 퇴마 연구소: 설경의 비밀,18635492555,1916429,98823
국산,2023,8,영웅,17768606427,1787536,88177
국산,2023,9,교섭,17460908740,1721100,92618
국산,2023,10,잠,13894258933,1470359,103697
국산,2023,11,달짝지근해: 7510,13445519901,1388309,86601
국산,2023,12,드림,10821044597,1128375,61736
국산,2023,13,비공식작전,10192841216,1058745,45082
국산,2023,14,1947 보스톤,9464132798,1026878,63548
국산,2023,15,대외비,7469378721,756355,53616
국산,2023,16,리바운드,6702452348,699243,56697
국산,2023,17,귀공자,6704211465,682856,44887
국산,2023,18,유령,6760765879,664146,46961
국산,2023,19,더 문,5207712778,516556,30181
국산,2023,20,3일의 휴가,4835070689,514541,31547
국산,2023,21,소년들,4470423586,471425,43356
국산,2023,22,타겟,4003424694,424916,43332
국산,2023,23,싱글 인 서울,3738633028,399575,32523
국산,2023,24,스위치,3794475810,399269,36963
국산,2023,25,카운트,3783714091,398442,37254
전체,2024,1,파묘,115157490414,11914784,364955
전체,2024,2,범죄도시4,110050000734,11502779,375434
전체,2024,3,인사이드 아웃 2,84509284036,8799013,331341
전체,2024,4,베테랑2,72474035814,7525339,279673
전체,2024,5,파일럿,43204079201,4718036,203283
전체,2024,6,웡카,33958821189,3531717,152290
전체,2024,7,모아나 2,31118051070,3372815,126582
전체,2024,8,소방관,31161375290,3317296,119780
전체,2024,9,하얼빈,26249028320,2755236,72494
전체,2024,10,탈주,24239796596,2561872,121035
전체,2024,11,위키드,20277702850,2059163,95250
전체,2024,12,듄: 파트2,23677872449,2019129,83368
전체,2024,13,에이리언: 로물루스,20443955430,2002033,107880
전체,2024,14,데드풀과 울버린,20489875630,1977010,95673
전체,2024,15,핸섬가이즈,16596666601,1777008,93583
전체,2024,16,하이재킹,16844279086,1774150,86720
전체,2024,17,쿵푸팬더4,16535535152,1771738,103250
전체,2024,18,베놈: 라스트 댄스,17253839788,1763723,118951
전체,2024,19,시민덕희,16174180097,1715064,96283
전체,2024,20,퓨리오사: 매드맥스 사가,16497842188,1606378,93612
전체,2024,21,슈퍼배드 4,14202093607,1562001,73283
전체,2024,22,외계+인 2부,13792326337,1430121,97872
전체,2024,23,위시,13380469253,1403486,88433
전체,2024,24,서울의 봄,12579385802,1273640,82246
전체,2024,25,사랑의 하츄핑,11107794292,1239178,57721
국산,2024,1,파묘,115157490414,11914784,364955
국산,2024,2,범죄도시4,110050000734,11502779,375434
국산,2024,3,베테랑2,72474035814,7525339,279673
국산,2024,4,파일럿,43204079201,4718036,203283
국산,2024,5,소방관,31161375290,3317296,119780
국산,2024,6,하얼빈,26249028320,2755236,72494
국산,2024,7,탈주,24239796596,2561872,121035
국산,2024,8,핸섬가이즈,16596666601,1777008,93583
국산,2024,9,하이재킹,16844279086,1774150,86720
국산,2024,10,시민덕희,16174180097,1715064,96283
국산,2024,11,외계+인 2부,13792326337,1430121,97872
국산,2024,12,서울의 봄,12579385802,1273640,82246
국산,2024,13,사랑의 하츄핑,11107794292,1239178,57721
국산,2024,14,그녀가 죽었다,11808970596,1237103,76230
국산,2024,15,노량: 죽음의 바다,10977702435,1135516,74075
국산,2024,16,히든페이스,9591875140,1012014,57832
국산,2024,17,댓글부대,9240359711,972991,67720
국산,2024,18,대도시의 사랑법,8303965930,879109,75829
국산,2024,19,청설,7484993310,802133,62744
국산,2024,20,행복의 나라,6564144142,710620,47841
국산,2024,21,탈출: 프로젝트 사일런스,6713334362,689603,43149
국산,2024,22,보통의 가족,6047884570,650336,60416
국산,2024,23,원더랜드,5919481710,625908,43938
국산,2024,24,아마존 활명수,5390831280,606612,56874
국산,2024,25,설계자,4728639867,525369,44745
전체,2025,1,극장판 귀멸의 칼날: 무한성편,61184705910,5677638,204309
전체,2025,2,좀비딸,53126759990,5639110,188853
전체,2025,3,F1 더 무비,54927822370,5213684,195964
전체,2025,4,주토피아 2,47926200780,4972058,145255
전체,2025,5,극장판 체인소 맨: 레제편,35843531550,3409898,163340
전체,2025,6,미션 임파서블: 파이널 레코닝,33259841900,3392542,150433
전체,2025,7,야당,32002848430,3378166,184069
전체,2025,8,미키 17,29709170100,3013854,158030
전체,2025,9,어쩔수가없다,28763831030,2942262,126847
전체,2025,10,히트맨2,23984663200,2547598,118863
전체,2025,11,보스,23391326050,2437337,97531
전체,2025,12,쥬라기 월드: 새로운 시작,21213626760,2225182,87873
전체,2025,13,하얼빈,20727899060,2159434,125759
전체,2025,14,승부,20044040660,2146575,148928
전체,2025,15,하이파이브,17545718020,1893622,101531
전체,2025,16,드래곤 길들이기,17971418490,1792533,93145
전체,2025,17,노이즈,16758897410,1707629,72287
전체,2025,18,검은 수녀들,16134349980,1670559,84463
전체,2025,19,캡틴 아메리카: 브레이브 뉴 월드,16372717086,1654160,119989
전체,2025,20,A MINECRAFT MOVIE 마인크래프트 무비,12742955670,1358466,55873
전체,2025,21,나우 유 씨 미 3,12813765320,1353670,74715
전체,2025,22,킹 오브 킹스,12422581626,1317385,52325
전체,2025,23,얼굴,11012286870,1076511,62685
전체,2025,24,전지적 독자 시점,10055253360,1061263,52084
전체,2025,25,극장판 진격의 거인 완결편 더 라스트 어택,9777462070,949881,41581
국산,2025,1,좀비딸,53126759990,5639110,188853
국산,2025,2,야당,32002848430,3378166,184069
국산,2025,3,어쩔수가없다,28763831030,2942262,126847
국산,2025,4,히트맨2,23984663200,2547598,118863
국산,2025,5,보스,23391326050,2437337,97531
국산,2025,6,하얼빈,20727899060,2159434,125759
국산,2025,7,승부,20044040660,2146575,148928
국산,2025,8,하이파이브,17545718020,1893622,101531
국산,2025,9,노이즈,16758897410,1707629,72287
국산,2025,10,검은 수녀들,16134349980,1670559,84463
국산,2025,11,킹 오브 킹스,12422581626,1317385,52325
국산,2025,12,얼굴,11012286870,1076511,62685
국산,2025,13,전지적 독자 시점,10055253360,1061263,52084
국산,2025,14,말할 수 없는 비밀,7859549300,824156,64166
국산,2025,15,신명,7496376280,788239,39923
국산,2025,16,거룩한 밤: 데몬 헌터스,7205989400,777649,39931
국산,2025,17,퍼스트 라이드,6839839490,741940,59333
국산,2025,18,파과,5265831000,550911,36772
국산,2025,19,소방관,5154168880,541882,43483
국산,2025,20,악마가 이사왔다,4137162810,437768,32686
국산,2025,21,뽀로로 극장판 바닷속 대모험,3372930820,397114,25721
국산,2025,22,살인자 리포트,3656329360,366298,30094
국산,2025,23,윗집 사람들,3417637730,355584,19616
국산,2025,24,보고타: 마지막 기회의 땅,2994218870,321425,28953
국산,2025,25,소주전쟁,2641291950,283787,27191
